{
  "model": {
    "px": 0,
    "py": -11.4688,
    "pz": 0,
    "rx": -3.141592653589793,
    "ry": 0.7596,
    "rz": -3.141592653589793,
    "sx": 1,
    "sy": 1,
    "sz": 1
  },
  "camera": {
    "px": 6.346405730763568,
    "py": -7.092170687876165,
    "pz": -2.9897242609643015,
    "tx": -0.8181283721672413,
    "ty": -8.745487969456699,
    "tz": -1.0326964421586502
  },
  "ambientIntensity": 1.66,
  "exposure": 0.284,
  "sunAzimuth": 315,
  "sunElevation": 19.675,
  "sunLightIntensity": 3.15,
  "emitters": [
    {
      "name": "emitter 1",
      "x": 7.003786691262628,
      "y": -5.260000000000002,
      "z": -7.362887599729201,
      "params": {
        "volume": 2,
        "refDistance": 4.36075,
        "rolloffFactor": 0.175,
        "maxDistance": 100,
        "distanceModel": "inverse",
        "reverbWet": 0.6,
        "reverbDuration": 1.01575,
        "reverbDecay": 0.59375,
        "preDelay": 0.0265,
        "airAbsorption": 0.6,
        "stereoWidth": 0.8
      }
    }
  ],
  "stl": [
    {
      "px": -6.694460718485653,
      "py": -9.38088534645349,
      "pz": 8.631646716285164,
      "rx": -1.5707963267948966,
      "ry": -0.7736318630456323,
      "rz": 0,
      "sx": -0.0007651253785790854,
      "sy": -0.001138605797974632,
      "sz": -0.0007651253785790854
    },
    {
      "px": -7.429792409606966,
      "py": -10.146318727361585,
      "pz": 0.9420317460423568,
      "rx": -1.5707963267948966,
      "ry": 1.355030340945484,
      "rz": 0,
      "sx": 0.0011537879110996917,
      "sy": 0.0025952254446989604,
      "sz": 0.0011537879110996917
    },
    {
      "px": 4.44081018870308,
      "py": -10.569030542496911,
      "pz": -3.7723239572285934,
      "rx": -1.5707963267948966,
      "ry": -0.9537062847900142,
      "rz": 0,
      "sx": 0.00115496763496541,
      "sy": 0.002525828885702187,
      "sz": 0.00115496763496541
    }
  ]
}