{
  "model": {
    "px": 0,
    "py": -11.4688,
    "pz": 0,
    "rx": -3.141592653589793,
    "ry": 0.7596,
    "rz": -3.141592653589793,
    "sx": 1,
    "sy": 1,
    "sz": 1
  },
  "camera": {
    "px": -4.05384386687331,
    "py": -8.739387046820719,
    "pz": 6.164036243825187,
    "tx": -0.4931394521546475,
    "ty": -9.517473077044004,
    "tz": 2.2932514440895964
  },
  "ambientIntensity": 1.66,
  "exposure": 0.284,
  "sunAzimuth": 315,
  "sunElevation": 19.675,
  "sunLightIntensity": 3.15,
  "emitters": [
    {
      "name": "emitter 1",
      "x": 7.003786691262628,
      "y": -5.260000000000002,
      "z": -7.362887599729201,
      "params": {
        "volume": 2,
        "refDistance": 4.36075,
        "rolloffFactor": 0.175,
        "maxDistance": 100,
        "distanceModel": "inverse",
        "reverbWet": 0.6,
        "reverbDuration": 1.01575,
        "reverbDecay": 0.59375,
        "preDelay": 0.0265,
        "airAbsorption": 0.6,
        "stereoWidth": 0.8
      }
    }
  ],
  "stl": [
    {
      "px": -3.998419700936172,
      "py": -9.402625886721248,
      "pz": 10.427295917713254,
      "rx": -1.5707963267948966,
      "ry": -0.1761613538966312,
      "rz": 0,
      "sx": -0.0007651253785790854,
      "sy": -0.001138605797974632,
      "sz": -0.0007651253785790854
    },
    {
      "px": -11.48917467020721,
      "py": -9.837179538427165,
      "pz": 4.645844553645287,
      "rx": -4.71238898038469,
      "ry": 1.4165070709989702,
      "rz": -3.141592653589793,
      "sx": 0.0011537879110996917,
      "sy": 0.0015603662939518046,
      "sz": 0.0011537879110996917
    },
    {
      "px": 6.148940050329373,
      "py": -10.700939060119124,
      "pz": 1.5453033091485615,
      "rx": 1.5707963267948966,
      "ry": -0.9723404509668152,
      "rz": 3.141592653589793,
      "sx": 0.00115496763496541,
      "sy": 0.002525828885702187,
      "sz": 0.00115496763496541
    }
  ],
  "flareScale": 2,
  "groupViews": [
    {
      "px": -1.7049447750704538,
      "py": -8.170741908898984,
      "pz": 8.303403901586915,
      "tx": -4.16518636791015,
      "ty": -9.252752524964071,
      "tz": 10.714208669512672
    },
    null,
    {
      "px": 2.3363284297902953,
      "py": -7.983743306239321,
      "pz": -1.272053367657593,
      "tx": 6.2552213033819974,
      "ty": -9.20497296705053,
      "tz": 2.106982815362165
    }
  ]
}